Order ID,Product Category,Profit,Revenue,Cost ,Date
ORD-202623832,HOME APPLIANCES,60236,"$222,628 ","$162,392 ",5/21/2026
ORD-202653979,Furniture,24859,123404,98545,10/28/2024
ORD-202639638,Electronics,97472,298882,201410,4/17/2023
ORD-202696521,Electronics,48126,292046,243920,12/17/2025
ORD-202296962,nan,46025,256263,210238,4/1/2025
ORD-202222533,furniture,51264,"$217,434 ","$166,170 ",7/11/2026
ORD-202463474,nan,47382,290328,242946,23-08-2022
ORD-202367509,Electronics,25146,167898,142752,5/25/2026
ORD-202499431,Furniture,68231,207043,138812,22-03-2022
ORD-202324241,nan,9389,82910,73521,5/1/2026
ORD-202560404,Furniture,"$4,174 ","$48,481 ","44,307",8/16/2023
ORD-202210779,electronics,92164,299363,207199,15-11-2024
ORD-202271095,HOME APPLIANCES,53512,"$175,260 ","$121,748 ",15-12-2022
ORD-202263025,Home Appliances,"$43,281 ","$295,460 ","252,179",7/10/2026
ORD-202692900,Electronics,50290,"$227,495 ","$177,205 ",10/21/2025
ORD-202317634,None,"($13,617)","$78,882 ","65,265",11/10/2023
ORD-202653353,electronics,18633,"$256,346 ","$237,713 ",5/7/2022
ORD-202664442,Home Appliances,28461,"$101,266 ","$72,805 ",4/24/2022
ORD-202395359,nan,13002,187593,174591,5/3/2025
ORD-202511454,electronics,"$7,915 ","$29,735 ","21,820",9/17/2025
ORD-202515090,nan,23777,"$96,867 ","$73,090 ",4/5/2026
ORD-202573207,Furniture,39613,141006,101393,7/23/2024
ORD-202270688,None,"$25,625 ","$82,789 ","57,164",12/17/2026
ORD-202633098,None,Null,"$67,406 ","49,965",4/9/2022
ORD-202423664,Furniture,"$55,228 ","$175,719 ","120,491",3/29/2024
ORD-202266595,Home Appliances,45464,233803,188339,10/12/2023
ORD-202338413,nan,9203,"$33,409 ","$24,206 ",9/24/2025
ORD-202445881,Home Appliances,39413,"$205,582 ","$166,169 ",20-09-2026
ORD-202440827,HOME APPLIANCES,21594,"$76,084 ","$54,490 ",5/29/2022
ORD-202397986,Electronics,"$27,742 ","$140,239 ","112,497",3/15/2022
ORD-202210854,nan,15926,"$249,661 ","$233,735 ",12/30/2024
ORD-202618048,Home Appliances,"$7,687 ","$125,746 ","118,059",5/30/2025
ORD-202525644,furniture,34129,"$112,762 ","$78,633 ",3/11/2024
ORD-202377260,nan,38981,"$269,884 ","$230,903 ",1/2/2023
ORD-202324481,None,7647,"$38,300 ","$30,653 ",4/9/2023
ORD-202664521,furniture,,225273,152969,7/20/2025
ORD-202272276,Electronics,26473,84492,58019,12/10/2023
ORD-202239058,None,"$61,070 ","$234,993 ","173,923",6/28/2025
ORD-202291908,Furniture,,"$16,820 ","$12,689 ",9/18/2022
ORD-202230190,HOME APPLIANCES,21680,226955,205275,4/24/2022
ORD-202695398,HOME APPLIANCES,55725,228583,172858,4/27/2022
ORD-202218616,Electronics,61226,"$201,613 ","$140,387 ",2/22/2023
ORD-202295509,Home Appliances,"$10,842 ","$88,719 ","77,877",4/2/2022
ORD-202284629,electronics,"$2,147 ","$16,473 ","14,326",3/22/2023
ORD-202610789,nan,17713,"$55,519 ","$37,806 ",12/17/2026
ORD-202630696,Furniture,-55563,"$185,632 ","$130,069 ",3/8/2024
ORD-202663635,Electronics,14896,"$84,033 ","$69,137 ",7/9/2025
ORD-202645830,furniture,35226,"$108,974 ","$73,748 ",9/5/2023
ORD-202427884,Furniture,57354,"$258,105 ","$200,751 ",4/4/2024
ORD-202317809,HOME APPLIANCES,Null,284190,241550,5/23/2022
ORD-202654878,nan,69485,"$221,851 ","$152,366 ",8/12/2025
ORD-202280134,electronics,74036,227635,153599,6/1/2025
ORD-202679285,furniture,57262,198805,141543,11/11/2023
ORD-202244349,nan,44378,"$135,985 ","$91,607 ",2/7/2022
ORD-202630696,Furniture,Null,189080,131231,7/16/2023
ORD-202242027,nan,74625,"$282,780 ","$208,155 ",24-03-2022
ORD-202636049,None,52458,"$215,422 ","$162,964 ",4/1/2022
ORD-202556497,Furniture,,267600,232845,2/13/2025
ORD-202281897,nan,5719,63739,58020,23-06-2023
ORD-202524184,furniture,"$27,219 ","$87,667 ","60,448",7/24/2023
ORD-202483818,HOME APPLIANCES,"$77,562 ","$225,983 ","148,421",4/14/2023
ORD-202685398,None,"$7,961 ","$23,103 ","15,142",3/6/2024
ORD-202326895,None,24146,"$106,849 ","$82,703 ",7/17/2026
ORD-202270688,HOME APPLIANCES,60555,"$210,939 ","$150,384 ",25-11-2025
ORD-202547456,Electronics,11334,135695,124361,23-07-2024
ORD-202443351,nan,"$82,989 ","$260,917 ","177,928",12/16/2023
ORD-202327531,nan,75878,"$239,444 ","$163,566 ",6/25/2023
ORD-202643340,None,"$30,912 ","$98,494 ","67,582",1/8/2023
ORD-202449560,None,21515,"$113,146 ","$91,631 ",12/2/2022
ORD-202528397,electronics,45260,"$135,462 ","$90,202 ",10/30/2023
ORD-202536554,HOME APPLIANCES,4197,34060,29863,11/21/2026
ORD-202618048,nan,"$5,454 ","$45,922 ","40,468",7/22/2022
ORD-202633845,None,15652,"$291,751 ","$276,099 ",6/14/2023
ORD-202324241,Furniture,34152,136028,101876,10/15/2024
ORD-202453150,furniture,35993,200231,164238,12/3/2025
ORD-202517641,furniture,30415,130287,99872,3/3/2026
ORD-202382395,furniture,60411,"$188,990 ","$128,579 ",8/4/2026
ORD-202392104,Electronics,"$4,243 ","$26,067 ","21,824",9/5/2025
ORD-202679285,Electronics,23573,164500,140927,6/20/2023
ORD-202525644,Electronics,73606,284547,210941,5/5/2024
ORD-202443470,Electronics,9892,89526,79634,2/28/2025
ORD-202386983,HOME APPLIANCES,"$44,763 ","$258,232 ","213,469",4/1/2026
ORD-202634811,nan,"($50,874)","$166,049 ","115,175",7/15/2026
ORD-202224522,nan,69875,282393,212518,10/30/2024
ORD-202597611,furniture,"$25,193 ","$133,764 ","108,571",5/5/2026
ORD-202662278,electronics,33124,"$98,153 ","$65,029 ",9/6/2023
ORD-202325883,HOME APPLIANCES,"$45,962 ","$171,219 ","125,257",2/1/2026
ORD-202336680,furniture,9485,83972,74487,1/7/2024
ORD-202295495,None,"$53,458 ","$155,658 ","102,200",27-10-2024
ORD-202392104,Home Appliances,"$10,231 ","$192,948 ","182,717",7/7/2025
ORD-202589435,Furniture,"$11,037 ","$60,568 ","49,531",1/22/2023
ORD-202586139,nan,12563,"$186,710 ","$174,147 ",5/31/2024
ORD-202459169,electronics,21476,"$121,616 ","$100,140 ",10/21/2026
ORD-202556497,nan,"$18,320 ","$123,579 ","105,259",8/26/2022
ORD-202511609,Home Appliances,"$23,616 ","$176,624 ","153,008",8/21/2026
ORD-202318102,Furniture,15563,"$297,577 ","$282,014 ",7/28/2022
ORD-202255924,nan,3314,"$16,027 ","$12,713 ",11/19/2024
ORD-202556985,HOME APPLIANCES,,"$250,385 ","207,020",6/4/2023
ORD-202321967,furniture,53692,"$223,408 ","$169,716 ",5/14/2022
ORD-202410339,None,43196,"$166,138 ","$122,942 ",8/11/2026
ORD-202390135,furniture,50641,154723,104082,4/10/2023
ORD-202335153,nan,"$11,486 ","$42,724 ","31,238",12/9/2025
ORD-202486578,nan,7483,23814,16331,7/9/2023
ORD-202379684,HOME APPLIANCES,27841,298557,270716,24-08-2024
ORD-202440629,Electronics,"$28,339 ","$194,238 ","165,899",11/29/2022
ORD-202498033,electronics,22422,180159,157737,6/10/2025
ORD-202316766,Furniture,18480,85672,67192,8/11/2024
ORD-202658896,None,26622,228935,202313,19-04-2023
ORD-202665267,Furniture,68043,271732,203689,7/9/2024
ORD-202444579,Home Appliances,19584,84015,64431,20-06-2025
ORD-202235334,electronics,"$45,201 ","$257,521 ","212,320",10/29/2024
ORD-202533205,Home Appliances,24696,"$251,738 ","$227,042 ",7/6/2024
ORD-202377260,furniture,"$32,621 ","$177,695 ","145,074",6/6/2024
ORD-202435016,Home Appliances,"$3,898 ","$29,343 ","25,445",5/8/2025
ORD-202354428,HOME APPLIANCES,37503,160755,123252,11/25/2026
ORD-202220645,Electronics,53485,"$182,893 ","$129,408 ",2/15/2024
ORD-202469478,Furniture,4381,"$21,835 ","$17,454 ",15-06-2026
ORD-202688071,Home Appliances,35283,140558,105275,1/14/2025
ORD-202536854,Electronics,30854,169862,139008,11/15/2024
ORD-202635458,None,77132,"$233,499 ","$156,367 ",1/25/2022
ORD-202634060,electronics,68167,"$225,266 ","$157,099 ",10/26/2022
ORD-202537754,Furniture,"$3,878 ","$25,749 ","21,871",6/4/2022
ORD-202596560,electronics,50853,"$252,063 ","$201,210 ",19-07-2022
ORD-202397986,Home Appliances,None,"$34,199 ","$29,233 ",4/24/2022
ORD-202619699,Home Appliances,"$4,794 ","$30,327 ","25,533",7/7/2026
ORD-202490836,None,72489,237281,164792,13-09-2026
ORD-202386983,Furniture,8803,167913,159110,9/24/2022
ORD-202364676,HOME APPLIANCES,Null,190970,163123,12/10/2024
ORD-202533205,nan,32927,"$202,314 ","$169,387 ",30-03-2023
ORD-202237754,Home Appliances,15719,56095,40376,4/2/2024
ORD-202221647,Furniture,30399,"$171,676 ","$141,277 ",1/9/2024
ORD-202690344,Furniture,6774,"$21,054 ","$14,280 ",3/11/2022
ORD-202438115,None,"$5,486 ","$21,649 ","16,163",4/11/2025
ORD-202345931,Furniture,7430,"$27,191 ","$19,761 ",4/18/2022
ORD-202411664,None,9206,"$125,370 ","$116,164 ",14-07-2023
ORD-202563189,electronics,-5724,"$60,093 ","$54,369 ",10/22/2025
ORD-202695398,Furniture,56520,162646,106126,30-07-2026
ORD-202217809,HOME APPLIANCES,21422,"$189,048 ","$167,626 ",9/15/2026
ORD-202332546,Electronics,24932,78410,53478,24-04-2023
ORD-202397986,Home Appliances,82692,281093,198401,7/26/2026
ORD-202542874,nan,66399,267320,200921,6/6/2022
ORD-202288910,furniture,"$34,149 ","$129,254 ","95,105",10/10/2025
ORD-202678271,nan,21466,192954,171488,12/22/2022
ORD-202388969,None,6886,111516,104630,3/6/2025
ORD-202295975,furniture,6662,"$23,311 ","$16,649 ",9/9/2024
ORD-202670723,furniture,68105,"$208,922 ","$140,817 ",9/28/2026
ORD-202579262,nan,21670,192323,170653,8/21/2025
ORD-202441797,Electronics,67673,248613,180940,10/6/2022
ORD-202555562,nan,"$33,982 ","$230,921 ","196,939",27-02-2023
ORD-202697795,HOME APPLIANCES,30685,"$250,389 ","$219,704 ",6/27/2024
ORD-202325260,Furniture,"$33,567 ","$154,475 ","120,908",11/9/2022
ORD-202536312,Furniture,18692,"$220,032 ","$201,340 ",4/12/2022
ORD-202233703,HOME APPLIANCES,"$42,545 ","$230,313 ","187,768",6/20/2024
ORD-202550553,Furniture,"$99,747 ","$285,189 ","185,442",2/10/2022
ORD-202254244,electronics,74523,282488,207965,10/29/2023
ORD-202379567,furniture,21564,"$66,966 ","$45,402 ",1/29/2023
ORD-202696521,Electronics,"($86,290)","$289,565 ","203,275",8/11/2025
ORD-202211587,nan,54921,"$163,938 ","$109,017 ",2/3/2023
ORD-202539239,furniture,"$50,255 ","$150,402 ","100,147",7/27/2022
ORD-202519064,furniture,"$18,761 ","$122,178 ","103,417",14-10-2025
ORD-202683967,None,"$24,484 ","$261,054 ","236,570",3/17/2022
ORD-202271228,None,44095,223044,178949,12/19/2022
ORD-202396882,HOME APPLIANCES,"$5,008 ","$34,305 ","29,297",9/4/2024
ORD-202524184,electronics,30508,145111,114603,9/7/2026
ORD-202233744,nan,30096,"$194,771 ","$164,675 ",3/26/2023
ORD-202340453,Electronics,40068,127554,87486,6/3/2024
ORD-202243455,nan,"$77,772 ","$266,425 ","188,653",4/4/2026
ORD-202465163,Home Appliances,"$18,284 ","$103,071 ","84,787",12/22/2024
ORD-202311618,electronics,"$5,550 ","$23,262 ","17,712",4/23/2023
ORD-202311618,None,"$6,476 ","$119,066 ","112,590",11/6/2023
ORD-202679517,None,"$16,295 ","$68,599 ","52,304",25-10-2025
ORD-202596560,HOME APPLIANCES,"$27,016 ","$221,449 ","194,433",7/20/2023
ORD-202218616,nan,"$14,029 ","$142,097 ","128,068",19-05-2026
ORD-202389227,furniture,10646,119693,109047,1/24/2025
ORD-202565344,nan,71047,221278,150231,11/22/2026
ORD-202597641,furniture,7377,113237,105860,25-11-2023
ORD-202610789,Electronics,84933,250321,165388,10/17/2022
ORD-202420026,Furniture,26811,92656,65845,16-03-2022
ORD-202387741,electronics,7842,51081,43239,17-02-2024
ORD-202336680,electronics,"$20,470 ","$64,337 ","43,867",2/23/2022
ORD-202368766,furniture,23735,113578,89843,8/16/2026
ORD-202570929,Electronics,56358,257623,201265,7/12/2022
ORD-202527726,None,"$23,449 ","$92,910 ","69,461",10/15/2022
ORD-202455316,None,33699,"$176,970 ","$143,271 ",11/22/2023
ORD-202653979,Electronics,40761,"$138,172 ","$97,411 ",5/23/2023
ORD-202519473,furniture,19400,126516,107116,8/7/2026
ORD-202664442,HOME APPLIANCES,20720,137556,116836,5/21/2025
ORD-202661120,None,12366,91893,79527,14-09-2024
ORD-202650323,Furniture,27045,"$118,783 ","$91,738 ",11/30/2026
ORD-202654878,Electronics,3725,33247,29522,10/18/2022
ORD-202498033,furniture,93836,268371,174535,6/2/2026
ORD-202679517,Furniture,59386,"$245,844 ","$186,458 ",8/30/2026
ORD-202336529,None,46661,137451,90790,7/28/2022
ORD-202431568,nan,-56623,166608,109985,4/13/2026
ORD-202548590,None,57822,242771,184949,23-07-2025
ORD-202694072,Home Appliances,14350,"$107,697 ","$93,347 ",9/19/2025
ORD-202217535,furniture,6971,"$46,237 ","$39,266 ",8/12/2024
ORD-202379684,nan,3472,47925,44453,7/23/2025
ORD-202438115,Home Appliances,46068,"$244,768 ","$198,700 ",12/23/2024
ORD-202440303,Furniture,"$43,097 ","$266,498 ","223,401",11/11/2023
ORD-202520539,nan,51279,157119,105840,8/25/2025
ORD-202510602,None,,"$60,141 ","44,780",21-12-2022
ORD-202270374,nan,-33790,"$132,742 ","$98,952 ",9/13/2026
ORD-202252733,Home Appliances,17839,"$110,067 ","$92,228 ",4/28/2022
ORD-202315364,nan,12254,"$40,979 ","$28,725 ",24-07-2025
ORD-202484306,Electronics,40065,"$198,528 ","$158,463 ",27-07-2024
ORD-202529245,electronics,11598,59088,47490,25-11-2025
ORD-202445881,Furniture,7472,"$74,648 ","$67,176 ",8/16/2024
ORD-202447295,furniture,32990,186048,153058,9/1/2026
ORD-202665499,Furniture,19078,183345,164267,1/13/2025
ORD-202666937,None,6980,102315,95335,28-02-2026
ORD-202577705,furniture,29774,"$189,420 ","$159,646 ",10/28/2023
ORD-202547456,nan,27269,"$194,995 ","$167,726 ",11/30/2026
ORD-202643340,Home Appliances,"$14,226 ","$266,238 ","252,012",11/12/2024
ORD-202357756,Electronics,"$5,100 ","$44,004 ","38,904",30-11-2023
ORD-202453150,Electronics,"$17,542 ","$120,174 ","102,632",12/19/2026
ORD-202233074,electronics,-44967,177566,132599,7/28/2024
ORD-202629549,electronics,70785,229372,158587,7/7/2022
ORD-202630626,None,Null,"$20,274 ","$18,149 ",3/15/2023
ORD-202651046,None,30165,208749,178584,5/12/2026
ORD-202271095,Home Appliances,56932,261334,204402,29-08-2022
ORD-202471529,furniture,21026,135392,114366,30-05-2022
ORD-202351335,Electronics,23367,163507,140140,4/5/2026
ORD-202619761,furniture,7883,47398,39515,9/6/2023
ORD-202519473,Electronics,"$7,323 ","$62,942 ","55,619",9/24/2022
ORD-202555585,nan,40950,"$177,432 ","$136,482 ",2/11/2023
ORD-202612668,nan,"$32,138 ","$138,588 ","106,450",12/26/2022
ORD-202550553,nan,5824,"$38,705 ","$32,881 ",3/20/2025
ORD-202570929,electronics,29006,"$299,420 ","$270,414 ",8/10/2022
ORD-202432666,None,11943,90271,78328,2/15/2024
ORD-202542252,HOME APPLIANCES,-12216,229494,217278,7/4/2025
ORD-202397135,electronics,59445,247050,187605,2/21/2023
ORD-202441657,furniture,26582,112056,85474,6/16/2025
ORD-202563189,furniture,77369,"$295,137 ","$217,768 ",6/16/2023
ORD-202221878,nan,28774,94296,65522,7/25/2025
ORD-202511609,HOME APPLIANCES,10105,68590,58485,7/4/2022
ORD-202259712,nan,-20090,"$130,560 ","$110,470 ",30-11-2025
ORD-202563665,Home Appliances,"$54,687 ","$173,351 ","118,664",10/2/2022
ORD-202244349,HOME APPLIANCES,11786,"$114,177 ","$102,391 ",10/29/2024
ORD-202378215,nan,30227,"$189,631 ","$159,404 ",1/8/2022
ORD-202496987,electronics,3967,15366,11399,6/14/2024
ORD-202478902,furniture,66907,270421,203514,11/9/2024
ORD-202650323,None,"$2,048 ","$17,735 ","15,687",1/24/2024
ORD-202389227,nan,12817,43249,30432,1/11/2024
ORD-202565656,nan,"$6,940 ","$34,446 ","27,506",9/24/2026
ORD-202327954,Home Appliances,19167,"$85,876 ","$66,709 ",2/6/2025
ORD-202326793,None,"$2,408 ","$34,707 ","32,299",10/23/2023
ORD-202453150,nan,28828,109615,80787,2/20/2025
ORD-202534334,nan,"$16,376 ","$156,556 ","140,180",10/16/2023
ORD-202496987,Furniture,"$60,484 ","$263,236 ","202,752",6/12/2024
ORD-202680269,Home Appliances,50511,"$270,772 ","$220,261 ",12/3/2022
ORD-202511609,furniture,"$63,351 ","$294,239 ","230,888",6/18/2022
ORD-202597641,electronics,Null,174989,160346,9/3/2025
ORD-202258615,HOME APPLIANCES,32834,"$241,375 ","$208,541 ",5/20/2025
ORD-202575718,Electronics,-47846,"$168,201 ","$120,355 ",8/12/2026
ORD-202438115,Home Appliances,46486,159599,113113,5/20/2023
ORD-202560589,furniture,35420,160362,124942,12/28/2023
ORD-202519064,Electronics,"$47,097 ","$213,456 ","166,359",7/29/2024
ORD-202448957,Furniture,14863,"$273,768 ","$258,905 ",9/28/2025
ORD-202614236,Home Appliances,33855,"$218,801 ","$184,946 ",12/29/2026
ORD-202327531,HOME APPLIANCES,11352,"$131,057 ","$119,705 ",1/28/2026
ORD-202411664,Home Appliances,75338,252988,177650,5/10/2024
ORD-202317809,Furniture,71442,298677,227235,18-09-2022
ORD-202438115,HOME APPLIANCES,36285,167710,131425,4/3/2025
ORD-202329415,electronics,18480,"$252,408 ","$233,928 ",11/20/2025
ORD-202547376,Electronics,23556,"$93,103 ","$69,547 ",6/1/2023
ORD-202549740,Home Appliances,"$43,565 ","$178,787 ","135,222",6/12/2026
ORD-202643974,Electronics,"$60,517 ","$187,225 ","126,708",10/23/2023
ORD-202457834,nan,23693,80209,56516,3/9/2025
ORD-202559500,nan,"$48,948 ","$255,500 ","206,552",5/20/2022
ORD-202413565,Furniture,20370,287135,266765,2/21/2022
ORD-202551837,Electronics,"$6,048 ","$70,366 ","64,318",6/9/2024
ORD-202520539,Home Appliances,2487,30260,27773,6/15/2026
ORD-202650527,electronics,"$1,482 ","$20,674 ","19,192",4/7/2023
ORD-202630696,Electronics,"($19,143)","$98,403 ","79,260",5/5/2025
ORD-202532609,HOME APPLIANCES,15016,"$57,167 ","$42,151 ",7/13/2024
ORD-202480948,furniture,71806,209064,137258,2/13/2023
ORD-202250801,Electronics,"$7,513 ","$28,019 ","20,506",4/6/2025
ORD-202675566,Furniture,60420,213980,153560,9/6/2022
ORD-202299006,Furniture,"$2,600 ","$28,590 ","25,990",6/6/2026
ORD-202296962,HOME APPLIANCES,"$21,960 ","$161,261 ","139,301",11/16/2026
ORD-202257550,Electronics,3331,20674,17343,5/25/2026
ORD-202228391,electronics,"$7,811 ","$56,154 ","48,343",2/21/2023
ORD-202314666,Furniture,"$32,760 ","$271,191 ","238,431",8/21/2022
ORD-202553834,Electronics,22388,117121,94733,16-09-2026
ORD-202393334,Furniture,9835,"$71,259 ","$61,424 ",1/5/2025
ORD-202478902,Electronics,15091,"$82,568 ","$67,477 ",5/25/2026
ORD-202315309,None,"$22,659 ","$166,871 ","144,212",9/13/2024
ORD-202257135,Electronics,73523,254890,181367,7/26/2026
ORD-202275997,furniture,"$3,153 ","$20,360 ","17,207",3/28/2026
ORD-202393334,Furniture,44136,153189,109053,3/28/2022
ORD-202258615,nan,"$55,555 ","$277,740 ","222,185",10/12/2024
ORD-202338413,nan,"$56,571 ","$216,522 ","159,951",3/28/2024
ORD-202662278,furniture,"$22,015 ","$93,825 ","71,810",17-12-2025
ORD-202315364,None,None,"$124,824 ","$110,005 ",11/29/2023
ORD-202559500,Furniture,41214,170054,128840,7/23/2025
ORD-202397135,electronics,29203,"$89,066 ","$59,863 ",5/7/2022
ORD-202634060,None,49122,"$175,388 ","$126,266 ",1/1/2024
ORD-202368816,Home Appliances,-32213,"$124,353 ","$92,140 ",3/9/2024
ORD-202421443,furniture,21244,157050,135806,10/16/2026
ORD-202295509,Electronics,"$43,688 ","$235,606 ","191,918",1/3/2023
ORD-202423664,None,-4729,61804,57075,10/10/2023
ORD-202249883,electronics,28234,"$226,381 ","$198,147 ",1/8/2026
ORD-202261836,None,4260,"$59,649 ","$55,389 ",12/20/2024
ORD-202539239,Furniture,"$34,148 ","$103,710 ","69,562",10/4/2024
ORD-202557837,Home Appliances,40009,"$146,458 ","$106,449 ",7/3/2024
ORD-202265439,Home Appliances,4687,"$79,824 ","$75,137 ",27-04-2026
ORD-202529083,furniture,"$28,297 ","$191,511 ","163,214",3/20/2022
ORD-202296561,Electronics,67009,"$279,349 ","$212,340 ",24-01-2025
ORD-202660161,Electronics,-49214,167302,118088,26-10-2026
ORD-202218616,nan,23546,185011,161465,1/14/2023
ORD-202440629,Home Appliances,43978,"$170,480 ","$126,502 ",7/2/2026
ORD-202529245,furniture,-13409,"$90,706 ","$77,297 ",7/7/2023
ORD-202480948,Home Appliances,"$48,732 ","$268,650 ","219,918",9/19/2024
ORD-202636791,Furniture,17608,"$122,898 ","$105,290 ",4/25/2024
ORD-202292974,HOME APPLIANCES,Null,"$129,690 ","$98,372 ",7/14/2022
ORD-202638972,HOME APPLIANCES,"$54,751 ","$278,588 ","223,837",7/11/2024
ORD-202532609,electronics,63943,"$196,990 ","$133,047 ",4/7/2023
ORD-202265439,Furniture,29002,"$113,648 ","$84,646 ",18-06-2025
ORD-202316766,Furniture,2744,"$53,744 ","$51,000 ",5/15/2023
ORD-202640831,Furniture,11615,"$37,898 ","$26,283 ",11/20/2026
ORD-202354891,Electronics,"$67,779 ","$299,984 ","232,205",5/19/2023
ORD-202246525,Furniture,93090,266054,172964,7/7/2022
ORD-202653345,None,"$46,909 ","$205,053 ","158,144",1/7/2025
ORD-202362853,electronics,"$51,827 ","$215,051 ","163,224",12/15/2025
ORD-202529719,nan,71365,243123,171758,12/24/2025
ORD-202471529,nan,"$16,496 ","$159,223 ","142,727",1/19/2023
ORD-202537754,Furniture,"$62,475 ","$214,283 ","151,808",3/1/2026
ORD-202597611,furniture,"$27,640 ","$127,609 ","99,969",6/30/2022
ORD-202315309,Furniture,21211,"$98,545 ","$77,334 ",9/25/2022
ORD-202495954,electronics,"$11,235 ","$202,008 ","190,773",1/10/2022
ORD-202417143,Home Appliances,Null,110227,73227,6/26/2023
ORD-202660161,Electronics,"$11,649 ","$63,269 ","51,620",5/25/2024
ORD-202319510,furniture,12597,"$215,483 ","$202,886 ",1/4/2024
ORD-202397175,Electronics,8848,"$122,106 ","$113,258 ",9/4/2026
ORD-202246404,Home Appliances,"$47,644 ","$166,175 ","118,531",8/28/2026
ORD-202431568,None,13463,"$139,481 ","$126,018 ",2/12/2023
ORD-202373883,Home Appliances,14176,41637,27461,6/20/2026
ORD-202619761,None,"$2,571 ","$32,901 ","30,330",5/12/2023
ORD-202524184,electronics,84428,253741,169313,12/24/2022
ORD-202658618,Home Appliances,-44448,"$272,515 ","$228,067 ",6/9/2024
ORD-202662278,electronics,35159,"$211,555 ","$176,396 ",7/11/2023
ORD-202380169,nan,"$13,947 ","$160,208 ","146,261",12/10/2022
ORD-202529245,nan,"$15,578 ","$149,209 ","133,631",18-08-2023
ORD-202573040,nan,2948,29540,26592,11/20/2026
ORD-202488131,furniture,22410,"$266,626 ","$244,216 ",24-04-2026
ORD-202413565,nan,15834,"$77,832 ","$61,998 ",9/20/2025
ORD-202459677,electronics,"$91,677 ","$262,466 ","170,789",23-12-2026
ORD-202550553,Electronics,21485,"$201,359 ","$179,874 ",9/20/2024
ORD-202329415,nan,39214,"$179,552 ","$140,338 ",4/16/2026
ORD-202643974,nan,28267,221132,192865,10/7/2026
ORD-202639381,Home Appliances,64774,222043,157269,7/23/2022
ORD-202388969,HOME APPLIANCES,23699,206125,182426,4/22/2023
ORD-202496673,nan,57812,"$181,528 ","$123,716 ",25-11-2025
ORD-202326895,Home Appliances,"$48,143 ","$189,242 ","141,099",3/3/2022
ORD-202692900,electronics,28245,"$91,469 ","$63,224 ",12/12/2022
ORD-202549538,electronics,27949,"$139,417 ","$111,468 ",12/23/2026
ORD-202526830,nan,73769,"$235,671 ","$161,902 ",7/24/2022
ORD-202377003,Home Appliances,27475,"$88,350 ","$60,875 ",6/26/2023
ORD-202568391,Home Appliances,18448,"$228,673 ","$210,225 ",9/8/2022
ORD-202676665,electronics,"$63,301 ","$185,231 ","121,930",4/25/2026
ORD-202348914,electronics,19168,64486,45318,10/3/2025
ORD-202516980,HOME APPLIANCES,"$60,010 ","$185,466 ","125,456",11/9/2025
ORD-202551837,furniture,19133,"$58,843 ","$39,710 ",26-04-2025
ORD-202343497,Furniture,15526,138716,123190,4/15/2023
ORD-202464859,HOME APPLIANCES,4633,"$26,976 ","$22,343 ",12/24/2026
ORD-202238403,Furniture,52074,"$244,616 ","$192,542 ",2/1/2025
ORD-202431568,furniture,35326,162407,127081,6/24/2025
ORD-202692900,nan,Null,"$35,060 ","26,058",26-08-2023
ORD-202299766,Furniture,"$15,689 ","$83,754 ","68,065",2/3/2025
ORD-202529325,Home Appliances,Null,"$40,470 ","$28,302 ",6/29/2022
ORD-202299582,electronics,"$75,525 ","$272,631 ","197,106",3/6/2022
ORD-202288910,Home Appliances,"$53,129 ","$285,661 ","232,532",8/1/2022
ORD-202499696,None,Null,258632,242743,10/24/2026
ORD-202679285,furniture,26769,103426,76657,1/9/2023
ORD-202589435,Furniture,"$21,387 ","$216,115 ","194,728",12/15/2023
ORD-202490836,HOME APPLIANCES,10135,"$162,474 ","$152,339 ",22-02-2024
ORD-202422784,None,"$36,174 ","$132,737 ","96,563",2/11/2022
ORD-202318071,HOME APPLIANCES,83193,"$270,308 ","$187,115 ",1/3/2022
ORD-202321967,HOME APPLIANCES,13759,"$131,843 ","$118,084 ",24-04-2022
ORD-202241302,None,21752,"$102,930 ","$81,178 ",18-09-2025
ORD-202347779,HOME APPLIANCES,5301,"$51,358 ","$46,057 ",9/17/2024
ORD-202393659,electronics,"($15,215)","$261,547 ","246,332",2/1/2022
ORD-202243455,furniture,"$31,065 ","$133,375 ","102,310",31-05-2025
ORD-202635632,Electronics,"$35,022 ","$120,105 ","85,083",5/15/2026
ORD-202469414,furniture,"$5,435 ","$15,811 ","10,376",11/5/2023
ORD-202385781,None,7189,"$142,347 ","$135,158 ",1/25/2023
ORD-202391062,None,12675,229500,216825,2/10/2025
ORD-202596560,Home Appliances,"$39,611 ","$126,957 ","87,346",5/8/2024
ORD-202647047,HOME APPLIANCES,"$93,416 ","$278,403 ","184,987",6/7/2023
ORD-202532843,electronics,-36484,201268,164784,14-03-2026
ORD-202692900,HOME APPLIANCES,17183,"$84,022 ","$66,839 ",9/28/2026
ORD-202393334,Furniture,1635,"$19,590 ","$17,955 ",6/24/2022
ORD-202591021,nan,13516,"$46,152 ","$32,636 ",4/1/2026
ORD-202651046,None,"($31,337)","$220,000 ","188,663",12/18/2023
ORD-202229760,nan,32974,267251,234277,10/19/2025
ORD-202322621,nan,69468,"$257,372 ","$187,904 ",10/12/2023
ORD-202537754,Furniture,20306,66341,46035,5/27/2024
ORD-202410339,furniture,34257,"$231,781 ","$197,524 ",30-01-2022
ORD-202552011,furniture,"$20,247 ","$75,006 ","54,759",9/17/2024
ORD-202626123,Home Appliances,27754,131875,104121,10/16/2024
ORD-202382890,electronics,"$17,985 ","$128,257 ","110,272",29-05-2022
ORD-202678253,Home Appliances,,142699,134049,6/27/2025
ORD-202620656,HOME APPLIANCES,50538,264627,214089,3/31/2026
ORD-202393671,HOME APPLIANCES,53726,"$183,821 ","$130,095 ",6/3/2022
ORD-202368639,furniture,28884,"$86,985 ","$58,101 ",9/8/2023
ORD-202222533,nan,57607,216085,158478,6/18/2022
ORD-202220071,furniture,"$92,977 ","$291,474 ","198,497",11/3/2023
ORD-202467471,HOME APPLIANCES,"$5,513 ","$17,246 ","11,733",12/6/2025
ORD-202240030,HOME APPLIANCES,19479,122568,103089,8/7/2023
ORD-202537754,None,78200,"$275,737 ","$197,537 ",3/23/2022
ORD-202417431,HOME APPLIANCES,"$13,194 ","$101,049 ","87,855",12/13/2024
ORD-202459169,nan,"$34,142 ","$223,257 ","189,115",9/2/2023
ORD-202465163,Home Appliances,30666,"$275,931 ","$245,265 ",9/4/2022
ORD-202265703,Furniture,5339,49192,43853,11/14/2022
ORD-202228391,None,None,"$127,474 ","114,604",9/14/2026
ORD-202245814,None,"$54,098 ","$291,310 ","237,212",5/10/2022
ORD-202465163,HOME APPLIANCES,82764,268687,185923,7/9/2026
ORD-202660765,electronics,16268,286604,270336,2/16/2023
ORD-202586184,None,3018,"$17,314 ","$14,296 ",10/9/2023
ORD-202242027,None,"$31,180 ","$133,352 ","102,172",9/29/2023
ORD-202328802,electronics,"$29,383 ","$89,688 ","60,305",2/12/2025
ORD-202511522,Furniture,23940,130058,106118,5/28/2023
ORD-202669727,Furniture,6386,49590,43204,10/19/2022
ORD-202381544,Home Appliances,"$22,415 ","$131,093 ","108,678",11/28/2025
ORD-202440629,Home Appliances,15735,52630,36895,5/27/2025
ORD-202484306,electronics,34989,"$107,007 ","$72,018 ",4/13/2022
ORD-202239058,Furniture,18848,126190,107342,31-08-2022
ORD-202696791,HOME APPLIANCES,"$95,004 ","$279,829 ","184,825",4/2/2024
ORD-202664442,electronics,13553,158712,145159,12/7/2022
ORD-202282133,Electronics,"$6,518 ","$24,986 ","18,468",12/14/2022
ORD-202553834,furniture,27968,149956,121988,6/8/2026
ORD-202243455,electronics,"$20,834 ","$137,620 ","116,786",26-07-2022
ORD-202327552,Furniture,"$9,438 ","$35,901 ","26,463",6/1/2023
ORD-202417431,furniture,"$18,779 ","$59,999 ","41,220",4/8/2026
ORD-202478887,nan,21770,188430,166660,5/11/2024
ORD-202590656,nan,"$31,832 ","$271,292 ","239,460",2/22/2025
ORD-202532609,HOME APPLIANCES,9072,74616,65544,10/20/2022
ORD-202552896,nan,8312,26123,17811,6/19/2025
ORD-202632389,HOME APPLIANCES,19879,"$91,714 ","$71,835 ",10/20/2024
ORD-202443470,nan,"$11,113 ","$32,571 ","21,458",5/23/2026
ORD-202534106,nan,"$76,623 ","$238,368 ","161,745",5/13/2025
ORD-202367509,Electronics,40352,"$127,365 ","$87,013 ",1/9/2026
ORD-202565656,nan,40808,"$189,261 ","$148,453 ",6/6/2022
ORD-202659841,electronics,"$47,811 ","$268,440 ","220,629",3/19/2026
ORD-202529325,Furniture,"$31,509 ","$131,560 ","100,051",7/26/2026
ORD-202233439,None,20098,"$222,677 ","$202,579 ",3/31/2026
ORD-202270374,electronics,91532,"$288,840 ","$197,308 ",7/25/2022
ORD-202549301,None,54103,"$190,858 ","$136,755 ",2/24/2024
ORD-202313117,HOME APPLIANCES,50972,"$240,507 ","$189,535 ",7/17/2026
ORD-202529325,electronics,41055,"$247,326 ","$206,271 ",8/30/2022
ORD-202665499,Furniture,19526,74822,55296,9/19/2025
ORD-202434423,electronics,23784,"$165,946 ","$142,162 ",8/30/2024
ORD-202297135,Furniture,10355,53940,43585,5/19/2022
ORD-202381544,Furniture,nan,"$26,011 ","$17,723 ",1/11/2026
ORD-202632389,None,1552,"$22,500 ","$20,948 ",6/29/2025
ORD-202478902,nan,"$9,570 ","$117,825 ","108,255",3/16/2023
ORD-202250886,nan,"$10,955 ","$41,727 ","30,772",20-09-2022
ORD-202589435,None,Null,"$26,220 ","24,584",7/5/2025
ORD-202469886,HOME APPLIANCES,"$61,758 ","$292,542 ","230,784",7/16/2026
ORD-202368766,furniture,"$31,098 ","$160,280 ","129,182",10/21/2024
ORD-202684620,Electronics,67241,"$206,645 ","$139,404 ",5/23/2022
ORD-202697656,Furniture,"$23,902 ","$167,958 ","144,056",27-05-2022
ORD-202651046,Home Appliances,"$44,880 ","$153,432 ","108,552",4/20/2022
ORD-202250886,electronics,8418,91157,82739,9/16/2023
ORD-202627042,Home Appliances,10537,"$112,922 ","$102,385 ",3/4/2026
ORD-202678271,Home Appliances,65673,"$240,537 ","$174,864 ",7/31/2023
ORD-202240030,Home Appliances,Null,"$76,064 ","$63,998 ",2/21/2024
ORD-202265351,furniture,39665,"$277,276 ","$237,611 ",1/14/2024
ORD-202682087,None,30986,"$142,312 ","$111,326 ",5/10/2024
ORD-202289937,HOME APPLIANCES,70303,"$212,925 ","$142,622 ",4/9/2025
ORD-202683967,Furniture,"$40,261 ","$267,183 ","226,922",12/9/2024
ORD-202292974,None,"$32,467 ","$230,292 ","197,825",10/28/2023
ORD-202469478,nan,27509,130813,103304,15-07-2025
ORD-202659868,HOME APPLIANCES,54211,275030,220819,1/28/2023
ORD-202427884,nan,53187,199378,146191,3/2/2025
ORD-202633990,Home Appliances,40865,"$270,068 ","$229,203 ",7/30/2023
ORD-202266595,Electronics,39392,228327,188935,19-07-2023
ORD-202393659,electronics,31441,108240,76799,2/16/2025
ORD-202233744,Electronics,$840 ,"$15,161 ","14,321",12/3/2022
ORD-202622847,Electronics,16854,"$105,776 ","$88,922 ",3/30/2023
ORD-202252935,Electronics,40411,"$283,684 ","$243,273 ",23-07-2023
ORD-202415859,None,29295,"$284,637 ","$255,342 ",11/9/2022
ORD-202322595,Electronics,"$25,129 ","$259,312 ","234,183",11/16/2022
ORD-202476833,nan,80069,"$229,581 ","$149,512 ",3/30/2022
ORD-202650442,None,"$32,014 ","$129,414 ","97,400",9/7/2025
ORD-202233439,Furniture,12585,69774,57189,2/19/2024
ORD-202254244,Home Appliances,24260,84153,59893,26-04-2025
ORD-202490836,nan,56204,231910,175706,16-01-2022
ORD-202567807,nan,1018,"$16,141 ","$15,123 ",6/9/2026
ORD-202697131,furniture,6834,"$126,142 ","$119,308 ",5/6/2023
ORD-202643340,Furniture,22322,"$143,081 ","$120,759 ",20-04-2024
ORD-202421990,Home Appliances,22901,"$129,723 ","$106,822 ",4/13/2023
ORD-202476833,electronics,48954,"$243,391 ","$194,437 ",6/10/2022
ORD-202377260,Furniture,,51136,39867,7/13/2025
ORD-202250801,electronics,8551,"$144,617 ","$136,066 ",6/4/2024
ORD-202341261,Electronics,1243,"$19,013 ","$17,770 ",5/1/2022
ORD-202224522,nan,"$4,190 ","$24,301 ","20,111",1/7/2026
ORD-202564384,nan,"$7,241 ","$53,118 ","45,877",11/11/2023
ORD-202675566,nan,"$11,831 ","$53,206 ","41,375",2/6/2026
ORD-202231111,electronics,"$6,877 ","$33,478 ","26,601",2/6/2024
ORD-202511522,HOME APPLIANCES,93305,298871,205566,4/9/2024
ORD-202643340,Furniture,3513,52389,48876,10/2/2026
ORD-202382064,electronics,Null,97243,65489,15-12-2025
ORD-202447655,Furniture,-11492,"$172,722 ","$161,230 ",1/31/2025
ORD-202619699,None,-42077,"$172,287 ","$130,210 ",11/18/2023
ORD-202247817,nan,65122,290698,225576,26-03-2024
ORD-202540314,electronics,2927,"$22,971 ","$20,044 ",3/12/2024
ORD-202670298,None,61965,"$281,469 ","$219,504 ",5/24/2022
ORD-202681595,nan,"$2,648 ","$33,975 ","31,327",6/27/2024
ORD-202335203,Home Appliances,"$31,990 ","$141,845 ","109,855",9/29/2026
ORD-202399727,Home Appliances,32399,120694,88295,2/11/2025
ORD-202379567,nan,40020,"$207,503 ","$167,483 ",7/18/2026
ORD-202440380,nan,24942,"$75,052 ","$50,110 ",7/26/2022
ORD-202218854,furniture,31571,103135,71564,9/19/2025
ORD-202638972,nan,"$44,103 ","$182,626 ","138,523",9/6/2026
ORD-202391877,Electronics,59011,193829,134818,12/7/2026
ORD-202665267,None,77074,268696,191622,2/14/2025
ORD-202229658,nan,"$20,469 ","$181,945 ","161,476",10/22/2022
ORD-202635632,None,6123,"$21,068 ","$14,945 ",6/6/2023
ORD-202480948,nan,"$14,532 ","$72,193 ","57,661",7/10/2024
ORD-202492006,furniture,80302,"$271,359 ","$191,057 ",9/10/2022
ORD-202273630,HOME APPLIANCES,-22629,176360,153731,28-02-2026
ORD-202417431,furniture,"$75,077 ","$268,072 ","192,995",7/25/2026
ORD-202339725,HOME APPLIANCES,"$57,254 ","$202,966 ","145,712",12/9/2024
ORD-202340453,HOME APPLIANCES,11479,"$124,531 ","$113,052 ",17-05-2023
ORD-202284629,furniture,"$3,351 ","$59,324 ","55,973",22-03-2023
ORD-202336680,Furniture,18376,"$113,751 ","$95,375 ",9/4/2026
ORD-202267968,furniture,"($35,386)","$217,927 ","182,541",10/29/2025
ORD-202597611,electronics,"$22,244 ","$158,527 ","136,283",8/7/2023
ORD-202528417,electronics,64381,"$192,875 ","$128,494 ",4/12/2023
ORD-202253127,Home Appliances,"$27,499 ","$99,844 ","72,345",8/5/2023
ORD-202537479,Furniture,24876,"$210,726 ","$185,850 ",5/20/2024
ORD-202474212,Furniture,41718,"$278,054 ","$236,336 ",7/5/2023
ORD-202678923,HOME APPLIANCES,43501,"$138,222 ","$94,721 ",3/17/2025
ORD-202573922,electronics,48686,"$152,890 ","$104,204 ",4/28/2023
ORD-202281897,furniture,"$53,171 ","$228,563 ","175,392",12/21/2026
ORD-202655807,Home Appliances,79897,259334,179437,7/14/2026
ORD-202694072,nan,"$63,536 ","$232,515 ","168,979",7/9/2024
ORD-202334809,electronics,17986,"$121,747 ","$103,761 ",2/25/2023
ORD-202314666,Furniture,68295,"$240,579 ","$172,284 ",7/1/2026
ORD-202660161,Electronics,"$25,174 ","$202,840 ","177,666",19-07-2023
ORD-202458877,HOME APPLIANCES,3617,"$15,310 ","$11,693 ",30-12-2023
ORD-202621168,Furniture,"$34,549 ","$102,078 ","67,529",3/13/2023
ORD-202285454,electronics,19263,"$58,479 ","$39,216 ",25-02-2022
ORD-202540193,Furniture,7176,98916,91740,12/2/2024
ORD-202490836,furniture,17238,"$79,083 ","$61,845 ",3/7/2022
ORD-202415859,None,"($4,851)","$17,962 ","13,111",17-03-2024
ORD-202534106,Electronics,13990,94645,80655,4/28/2024
ORD-202311618,nan,"$2,167 ","$18,628 ","16,461",4/19/2026
ORD-202647047,electronics,16800,78844,62044,25-02-2023
ORD-202468025,electronics,2956,"$57,829 ","$54,873 ",18-05-2023
ORD-202681595,Home Appliances,"$79,679 ","$268,705 ","189,026",4/30/2026
ORD-202669097,nan,13634,49413,35779,4/8/2024
ORD-202564384,Electronics,4798,18328,13530,2/16/2026
ORD-202348958,Home Appliances,"$6,619 ","$64,393 ","57,774",12/19/2023
ORD-202433126,electronics,"$5,418 ","$73,503 ","68,085",5/23/2025
ORD-202610789,HOME APPLIANCES,Null,220370,195883,15-04-2023
ORD-202564384,HOME APPLIANCES,"$26,509 ","$179,847 ","153,338",10/2/2024
ORD-202560404,HOME APPLIANCES,24300,"$212,362 ","$188,062 ",11/12/2023
ORD-202283978,HOME APPLIANCES,,"$221,195 ","$155,950 ",10/12/2025
ORD-202421443,Home Appliances,81258,274154,192896,1/15/2026
ORD-202221018,None,"$31,334 ","$201,959 ","170,625",11/18/2026
ORD-202498732,HOME APPLIANCES,"$35,511 ","$260,217 ","224,706",2/13/2024
ORD-202241263,Furniture,3862,30841,26979,7/1/2022
ORD-202310838,furniture,"$18,832 ","$189,440 ","170,608",5/5/2024
ORD-202280677,Electronics,"$10,622 ","$54,266 ","43,644",7/10/2023
ORD-202467544,Furniture,26628,155213,128585,8/12/2023
ORD-202440827,None,Null,"$131,044 ","96,153",2/2/2022
ORD-202387682,nan,22961,156279,133318,8/2/2022
ORD-202573452,Home Appliances,17674,"$69,214 ","$51,540 ",2/7/2026
ORD-202650442,HOME APPLIANCES,62403,"$248,818 ","$186,415 ",3/7/2023
ORD-202389227,nan,29688,124789,95101,3/2/2022
ORD-202415859,furniture,5939,"$67,698 ","$61,759 ",10/6/2025
ORD-202349468,Furniture,"$34,058 ","$121,012 ","86,954",9/22/2023
ORD-202416128,Furniture,9512,88373,78861,30-12-2022
ORD-202593299,Furniture,6272,22536,16264,10/8/2026
ORD-202270688,Electronics,nan,97340,84540,2/18/2022
ORD-202473821,Electronics,19942,79483,59541,1/30/2026
ORD-202414388,Electronics,nan,"$184,417 ","131,560",7/22/2024
ORD-202532609,HOME APPLIANCES,"$32,891 ","$242,804 ","209,913",12/27/2026
ORD-202690795,Electronics,34741,"$145,324 ","$110,583 ",4/5/2024
ORD-202296962,Electronics,"$3,390 ","$19,418 ","16,028",8/8/2026
ORD-202415698,electronics,72580,236680,164100,7/8/2026
ORD-202631012,electronics,73735,"$226,781 ","$153,046 ",10/3/2023
ORD-202679285,nan,41948,175955,134007,6/10/2026
ORD-202597584,furniture,45610,"$143,734 ","$98,124 ",1/14/2025
ORD-202411664,Electronics,82312,"$261,072 ","$178,760 ",4/6/2026
ORD-202634811,Home Appliances,"$44,708 ","$297,266 ","252,558",8/12/2025
ORD-202321287,nan,69888,288138,218250,4/5/2022
ORD-202459169,Furniture,"$14,826 ","$149,868 ","135,042",13-09-2024
ORD-202453150,Home Appliances,37449,"$119,194 ","$81,745 ",23-12-2022
ORD-202235334,nan,,"$212,802 ","$167,252 ",7/17/2026
ORD-202449964,electronics,5468,53215,47747,4/21/2024
ORD-202635458,HOME APPLIANCES,,158602,126600,3/7/2022
ORD-202463474,HOME APPLIANCES,41141,143246,102105,5/16/2025
ORD-202510602,electronics,"$60,446 ","$221,917 ","161,471",9/28/2025
ORD-202689590,None,11592,154521,142929,4/27/2023
ORD-202692900,nan,29140,214716,185576,12/31/2022
ORD-202663635,None,67509,"$205,844 ","$138,335 ",9/16/2024
ORD-202290346,electronics,10378,174174,163796,11/11/2023
ORD-202230190,None,1802,"$30,452 ","$28,650 ",6/8/2023
ORD-202435016,nan,57636,219854,162218,2/13/2026
ORD-202447862,Furniture,3741,20898,17157,6/17/2022
ORD-202532633,Home Appliances,86761,283879,197118,9/30/2025
ORD-202472909,Electronics,43114,"$148,058 ","$104,944 ",18-08-2025
ORD-202460910,electronics,2790,44764,41974,5/10/2022
ORD-202555585,Home Appliances,29153,90660,61507,4/2/2022
ORD-202632389,electronics,11702,"$53,017 ","$41,315 ",16-03-2022
ORD-202483188,nan,24143,83087,58944,1/10/2026
ORD-202387741,Electronics,18017,"$290,917 ","$272,900 ",8/9/2022
ORD-202597641,HOME APPLIANCES,"$31,202 ","$117,881 ","86,679",9/8/2023
ORD-202257012,nan,5998,"$55,726 ","$49,728 ",8/17/2025
ORD-202553834,Electronics,29349,"$208,922 ","$179,573 ",4/2/2022
ORD-202282133,nan,41882,"$176,566 ","$134,684 ",3/1/2022
ORD-202255320,furniture,"$16,037 ","$58,278 ","42,241",3/2/2024
ORD-202532609,Electronics,9667,"$28,387 ","$18,720 ",8/19/2022
ORD-202299766,Furniture,"$21,018 ","$74,715 ","53,697",5/17/2026
ORD-202219221,Furniture,4881,42955,38074,17-08-2025
ORD-202264845,None,"$39,223 ","$212,025 ","172,802",10/8/2023
ORD-202467471,Electronics,"$12,402 ","$44,431 ","32,029",2/28/2025
ORD-202415859,None,44876,175802,130926,12/21/2026
ORD-202395359,Furniture,None,"$138,794 ","100,210",9/20/2025
ORD-202462079,Electronics,14911,"$163,560 ","$148,649 ",29-01-2023
ORD-202235334,Electronics,29341,"$166,464 ","$137,123 ",25-12-2026
ORD-202337384,Home Appliances,86934,"$253,652 ","$166,718 ",10/21/2022
ORD-202347768,None,12523,"$136,297 ","$123,774 ",4/11/2023
ORD-202533205,electronics,"$14,973 ","$91,472 ","76,499",13-01-2026
ORD-202678959,Electronics,"$39,920 ","$150,396 ","110,476",12/2/2023
ORD-202235233,electronics,9614,95268,85654,4/21/2025
ORD-202646470,Furniture,-4678,"$88,268 ","$83,590 ",15-09-2025
ORD-202687677,HOME APPLIANCES,23946,75392,51446,7/31/2022
ORD-202427881,Electronics,11094,"$35,539 ","$24,445 ",7/11/2025
ORD-202656751,Furniture,55587,244293,188706,11/4/2025
ORD-202351726,nan,22101,"$101,890 ","$79,789 ",1/28/2023
ORD-202534603,electronics,5041,"$39,271 ","$34,230 ",7/1/2022
ORD-202367509,Electronics,48326,"$270,398 ","$222,072 ",1/19/2024
ORD-202270374,furniture,62157,"$221,165 ","$159,008 ",5/17/2024
ORD-202615828,nan,"$34,328 ","$285,297 ","250,969",9/30/2023
ORD-202259712,electronics,44846,228663,183817,3/9/2024
ORD-202314956,furniture,8162,30814,22652,10/3/2025
ORD-202499431,Electronics,"$31,805 ","$169,733 ","137,928",1/20/2026
ORD-202341261,Furniture,"$41,269 ","$167,042 ","125,773",2/18/2022
ORD-202242770,electronics,49324,164462,115138,4/9/2022
ORD-202344757,furniture,"$30,172 ","$135,977 ","105,805",3/5/2025
ORD-202322595,HOME APPLIANCES,"$46,185 ","$145,561 ","99,376",3/3/2024
ORD-202563189,HOME APPLIANCES,71879,"$294,593 ","$222,714 ",29-08-2023
ORD-202449964,HOME APPLIANCES,10919,"$160,370 ","$149,451 ",14-10-2026
ORD-202680603,furniture,17816,68654,50838,28-05-2022
ORD-202696521,HOME APPLIANCES,24317,"$106,910 ","$82,593 ",8/23/2025
ORD-202386983,Home Appliances,82643,283173,200530,3/6/2026
ORD-202445650,Furniture,40834,294607,253773,11/14/2024
ORD-202629765,nan,"$2,892 ","$27,873 ","24,981",12/21/2023
ORD-202697131,Home Appliances,18853,"$221,516 ","$202,663 ",4/23/2023
ORD-202233703,HOME APPLIANCES,nan,"$176,942 ","165,934",7/30/2024
ORD-202238403,HOME APPLIANCES,"$68,190 ","$290,861 ","222,671",9/9/2026
ORD-202270138,None,21815,132776,110961,28-09-2024
ORD-202362810,electronics,"$98,787 ","$290,278 ","191,491",7/18/2023
ORD-202555585,HOME APPLIANCES,52405,157263,104858,9/25/2024
ORD-202470045,electronics,63156,"$238,326 ","$175,170 ",5/11/2026
ORD-202498734,Home Appliances,"$23,850 ","$125,941 ","102,091",7/1/2026
ORD-202297678,nan,3317,"$21,060 ","$17,743 ",15-02-2026
ORD-202514910,Furniture,50171,238934,188763,4/16/2022
ORD-202338888,Home Appliances,12020,112228,100208,12/4/2024
ORD-202482711,Furniture,22011,"$244,523 ","$222,512 ",12/21/2026
ORD-202444579,Home Appliances,"$93,490 ","$291,144 ","197,654",16-02-2024
ORD-202677342,Home Appliances,"$81,220 ","$257,955 ","176,735",12/1/2026
ORD-202685398,Furniture,54030,"$230,431 ","$176,401 ",11/27/2023
ORD-202568391,Furniture,70060,212333,142273,10/25/2022
ORD-202532633,nan,18529,91297,72768,16-10-2026
ORD-202384804,electronics,"$56,596 ","$234,397 ","177,801",10/31/2024
ORD-202511522,electronics,42865,"$217,855 ","$174,990 ",3/15/2022
ORD-202688071,furniture,20583,188379,167796,10/16/2023
ORD-202678271,furniture,"$30,515 ","$98,559 ","68,044",10/9/2025
ORD-202529325,furniture,2535,50112,47577,1/8/2025
ORD-202561955,nan,19858,143052,123194,10/3/2022
ORD-202599217,furniture,"$25,654 ","$141,511 ","115,857",11/22/2026
ORD-202221878,Electronics,"$15,111 ","$264,261 ","249,150",3/2/2022
ORD-202629765,Home Appliances,89801,278119,188318,12/20/2024
ORD-202490836,electronics,"$67,137 ","$217,097 ","149,960",2/14/2025
ORD-202271768,None,29724,"$91,839 ","$62,115 ",6/9/2026
ORD-202288910,HOME APPLIANCES,75139,261882,186743,2/6/2026
ORD-202270374,electronics,28058,"$132,895 ","$104,837 ",12/8/2024
ORD-202390799,electronics,49628,"$176,623 ","$126,995 ",4/25/2022
ORD-202528397,Electronics,"$19,723 ","$86,855 ","67,132",7/15/2025
ORD-202327552,Electronics,20208,61835,41627,12/3/2022
ORD-202579175,Electronics,7954,"$45,167 ","$37,213 ",10/11/2025
ORD-202669727,HOME APPLIANCES,10758,"$72,066 ","$61,308 ",3/9/2026
ORD-202532609,electronics,"$40,045 ","$167,730 ","127,685",15-07-2023
ORD-202626123,electronics,"$8,577 ","$44,900 ","36,323",11/18/2025
ORD-202479352,Furniture,44501,247326,202825,9/22/2022
ORD-202563189,nan,64926,264567,199641,10/11/2022
ORD-202412758,Home Appliances,3224,"$18,279 ","$15,055 ",6/8/2022
ORD-202678271,electronics,"$12,749 ","$39,381 ","26,632",11/1/2024
ORD-202459792,Electronics,"$20,782 ","$85,950 ","65,168",1/13/2024
ORD-202385613,HOME APPLIANCES,"$29,563 ","$192,508 ","162,945",2/27/2026
ORD-202533672,furniture,33015,"$95,476 ","$62,461 ",20-10-2023
ORD-202646470,HOME APPLIANCES,78040,"$232,859 ","$154,819 ",11/25/2024
ORD-202379684,nan,6558,"$83,847 ","$77,289 ",7/5/2022
ORD-202538516,Electronics,"$59,990 ","$259,251 ","199,261",8/20/2024
ORD-202431532,HOME APPLIANCES,29777,109327,79550,8/5/2023
ORD-202659868,furniture,24622,"$233,494 ","$208,872 ",4/16/2025
ORD-202329241,nan,4480,44149,39669,1/26/2023
ORD-202627042,nan,12004,79549,67545,22-03-2024
ORD-202491445,Home Appliances,52373,295293,242920,5/4/2025
ORD-202529245,None,-20691,65508,44817,9/1/2025
ORD-202295495,HOME APPLIANCES,32512,"$284,931 ","$252,419 ",2/17/2024
ORD-202530696,electronics,30193,"$113,978 ","$83,785 ",11/20/2023
ORD-202330716,Home Appliances,Null,"$19,068 ","17,850",29-03-2022
ORD-202336529,furniture,"$15,792 ","$67,176 ","51,384",30-10-2022
ORD-202450856,None,66510,195216,128706,5/31/2022
ORD-202510059,electronics,38625,"$165,451 ","$126,826 ",5/10/2026
ORD-202479352,Furniture,53024,"$162,084 ","$109,060 ",8/3/2023
ORD-202255924,None,21034,288286,267252,5/12/2022
ORD-202499696,None,11330,47531,36201,9/12/2022
ORD-202295509,HOME APPLIANCES,"$12,859 ","$101,030 ","88,171",10/22/2025
ORD-202275333,Furniture,18238,"$92,886 ","$74,648 ",12/15/2024
ORD-202486268,Electronics,55033,181987,126954,6/11/2025
ORD-202329415,electronics,"$12,395 ","$106,782 ","94,387",9/11/2025
ORD-202252733,HOME APPLIANCES,5873,26752,20879,14-05-2025
ORD-202519473,None,21249,"$234,483 ","$213,234 ",7/14/2024
ORD-202387682,electronics,24500,250405,225905,7/18/2024
ORD-202665499,HOME APPLIANCES,"$1,351 ","$23,156 ","21,805",9/16/2026
ORD-202665267,furniture,14880,"$171,279 ","$156,399 ",9/15/2023
ORD-202580335,Furniture,"$25,058 ","$269,282 ","244,224",6/3/2022
ORD-202480948,nan,56931,"$287,761 ","$230,830 ",4/15/2026
ORD-202696791,None,"$76,480 ","$234,556 ","158,076",11/13/2024
ORD-202297678,Electronics,"$8,179 ","$36,393 ","28,214",12/23/2022
ORD-202280017,electronics,"$10,692 ","$94,925 ","84,233",6/24/2023
ORD-202396477,Furniture,"$11,499 ","$38,609 ","27,110",4/11/2024
ORD-202312427,nan,22693,146051,123358,9/14/2023
ORD-202235233,Home Appliances,"$66,332 ","$225,808 ","159,476",4/5/2022
ORD-202349348,furniture,86715,"$249,265 ","$162,550 ",8/21/2026
ORD-202593046,furniture,"$19,746 ","$186,354 ","166,608",7/29/2023
ORD-202371546,HOME APPLIANCES,51187,"$288,703 ","$237,516 ",8/21/2024
ORD-202295509,Electronics,71949,207100,135151,5/6/2025
ORD-202348914,HOME APPLIANCES,51439,160776,109337,7/9/2026
ORD-202660765,furniture,10529,90460,79931,7/2/2025
ORD-202697788,electronics,3613,28447,24834,28-12-2026
ORD-202618048,electronics,56616,"$163,717 ","$107,101 ",7/30/2025
ORD-202511454,HOME APPLIANCES,"($41,967)","$239,340 ","197,373",4/30/2024
ORD-202678959,nan,45311,270001,224690,8/2/2022
ORD-202515090,Furniture,"$25,600 ","$153,783 ","128,183",4/10/2024
ORD-202233703,nan,17546,"$81,433 ","$63,887 ",18-09-2026
ORD-202490836,Furniture,44827,242763,197936,3/23/2023
ORD-202299148,HOME APPLIANCES,34419,163636,129217,2/23/2026
ORD-202434423,Home Appliances,13867,"$64,637 ","$50,770 ",5/3/2024
ORD-202525644,furniture,80169,258613,178444,11/4/2022
ORD-202585720,Home Appliances,12614,81405,68791,7/14/2023
ORD-202517994,nan,30885,99489,68604,7/20/2023
ORD-202530696,Home Appliances,3722,70142,66420,23-03-2025
ORD-202695398,electronics,"$14,776 ","$186,583 ","171,807",10/30/2022
ORD-202646957,Furniture,42961,"$132,016 ","$89,055 ",1/16/2024
ORD-202458406,Furniture,"$3,845 ","$51,164 ","47,319",10/23/2025
ORD-202218644,HOME APPLIANCES,"($9,881)","$49,598 ","39,717",1/19/2026
ORD-202482397,Electronics,13119,"$59,086 ","$45,967 ",11/12/2024
ORD-202557837,nan,11838,"$198,772 ","$186,934 ",8/7/2025
ORD-202299766,None,11733,179359,167626,5/29/2026
ORD-202547456,furniture,30852,"$275,980 ","$245,128 ",6/2/2022
ORD-202384804,electronics,20090,158140,138050,2/14/2025
ORD-202634035,Electronics,5777,"$19,436 ","$13,659 ",3/8/2025
ORD-202415859,Home Appliances,"$48,089 ","$162,472 ","114,383",12/19/2023
ORD-202397153,None,32364,256581,224217,6/18/2025
ORD-202382064,electronics,48694,247961,199267,11/8/2025
ORD-202626123,Electronics,Null,"$237,408 ","$210,022 ",7/2/2026
ORD-202217809,furniture,19640,"$251,874 ","$232,234 ",9/1/2023
ORD-202468025,HOME APPLIANCES,23132,205585,182453,8/5/2023
ORD-202235114,HOME APPLIANCES,13578,"$133,429 ","$119,851 ",2/4/2022
ORD-202264845,Electronics,"$6,909 ","$33,072 ","26,163",2/4/2022
ORD-202664521,HOME APPLIANCES,5620,105423,99803,21-02-2024
ORD-202573207,nan,"$66,817 ","$199,578 ","132,761",10/20/2024
ORD-202669097,furniture,nan,"$144,703 ","$128,781 ",3/15/2024
ORD-202381544,Electronics,13193,262338,249145,4/29/2024
ORD-202367032,electronics,42775,"$196,060 ","$153,285 ",21-11-2022
ORD-202597584,Furniture,"$81,115 ","$237,719 ","156,604",11/14/2026
ORD-202677887,Home Appliances,16158,"$81,339 ","$65,181 ",6/12/2024
ORD-202216359,Home Appliances,"$63,224 ","$283,946 ","220,722",11/22/2024
ORD-202382449,electronics,"$8,321 ","$62,616 ","54,295",5/2/2026
ORD-202532454,furniture,9679,"$29,812 ","$20,133 ",4/20/2026
ORD-202697747,electronics,-81541,252446,170905,1/10/2026
ORD-202597641,electronics,"$17,132 ","$77,545 ","60,413",11/6/2026
ORD-202390135,Home Appliances,6006,52491,46485,1/16/2023
ORD-202659868,Home Appliances,26241,"$200,993 ","$174,752 ",5/3/2023
ORD-202244349,HOME APPLIANCES,"($17,310)","$94,160 ","76,850",27-04-2024
ORD-202394442,furniture,24556,186931,162375,8/30/2024
ORD-202576075,nan,20081,70434,50353,10/7/2022
ORD-202476833,Electronics,6367,118799,112432,28-01-2025
ORD-202469414,None,44689,"$134,549 ","$89,860 ",19-09-2024
ORD-202267407,Home Appliances,50358,"$235,095 ","$184,737 ",9/8/2024
ORD-202589435,furniture,17697,255374,237677,1/4/2025
ORD-202591021,HOME APPLIANCES,49801,"$194,732 ","$144,931 ",8/7/2024
ORD-202289937,Home Appliances,10846,32241,21395,6/13/2024
ORD-202440380,None,53692,"$227,107 ","$173,415 ",3/2/2023
ORD-202218616,None,-10014,"$36,168 ","$26,154 ",5/17/2022
ORD-202445650,None,"$30,152 ","$201,514 ","171,362",2/19/2026
ORD-202447295,electronics,-22709,"$142,731 ","$120,022 ",9/27/2026
ORD-202415043,Furniture,"$14,912 ","$169,438 ","154,526",1/4/2026
ORD-202565081,electronics,24251,102748,78497,11/8/2023
ORD-202353824,Home Appliances,77577,"$271,790 ","$194,213 ",20-03-2024
ORD-202362853,Furniture,"$38,202 ","$185,810 ","147,608",10/30/2024
ORD-202591021,furniture,45934,"$138,916 ","$92,982 ",12/21/2024
ORD-202526830,nan,22111,"$181,154 ","$159,043 ",1/17/2024
ORD-202633845,Home Appliances,52431,"$286,742 ","$234,311 ",24-09-2026
ORD-202418384,None,-33088,212299,179211,11/9/2022
ORD-202550553,nan,14152,85080,70928,9/3/2026
ORD-202688071,HOME APPLIANCES,"$24,102 ","$85,952 ","61,850",1/2/2023
ORD-202327552,Furniture,"$41,091 ","$155,426 ","114,335",15-06-2025
ORD-202470045,electronics,17987,"$101,729 ","$83,742 ",6/21/2024
ORD-202593640,furniture,Null,"$169,789 ","124,275",6/3/2026
ORD-202647205,electronics,18870,"$216,718 ","$197,848 ",12/7/2023
ORD-202415698,HOME APPLIANCES,16848,194488,177640,10/27/2026
ORD-202557536,Electronics,33203,133395,100192,4/24/2026
ORD-202280677,HOME APPLIANCES,13675,"$125,570 ","$111,895 ",13-06-2022
ORD-202626123,Electronics,"$22,339 ","$204,569 ","182,230",2/20/2026
ORD-202252935,None,"$4,113 ","$23,513 ","19,400",2/11/2025
ORD-202659841,nan,"$8,769 ","$83,857 ","75,088",8/11/2023
ORD-202412758,None,7072,"$50,508 ","$43,436 ",7/8/2022
ORD-202270831,electronics,12365,"$187,869 ","$175,504 ",11/19/2026
ORD-202447655,electronics,"$23,775 ","$203,622 ","179,847",1/1/2026
ORD-202680603,HOME APPLIANCES,64320,"$264,842 ","$200,522 ",20-06-2022
ORD-202488418,Home Appliances,"$47,664 ","$258,375 ","210,711",1/29/2022
ORD-202245814,Furniture,"$45,420 ","$135,953 ","90,533",9/26/2022
ORD-202314666,None,"$82,134 ","$282,003 ","199,869",10/15/2023
ORD-202323764,nan,9079,143099,134020,7/14/2026
ORD-202542252,electronics,14036,"$86,604 ","$72,568 ",5/9/2025
ORD-202615367,nan,8032,78478,70446,2/5/2026
ORD-202619761,furniture,26632,"$133,734 ","$107,102 ",4/8/2023
ORD-202236327,None,36091,279320,243229,15-11-2026
ORD-202496798,electronics,"$55,280 ","$231,413 ","176,133",12/22/2023
ORD-202295495,electronics,29883,296115,266232,9/17/2025
ORD-202683967,Home Appliances,"$58,076 ","$278,764 ","220,688",9/29/2025
ORD-202575413,HOME APPLIANCES,10964,"$40,035 ","$29,071 ",10/10/2026
ORD-202473953,furniture,61623,"$219,118 ","$157,495 ",4/5/2025
ORD-202687677,furniture,"$37,875 ","$238,555 ","200,680",6/30/2023
ORD-202530245,Furniture,4036,"$50,317 ","$46,281 ",12/9/2023
ORD-202338330,Home Appliances,28706,112133,83427,5/27/2024
ORD-202318102,Electronics,5319,48343,43024,8/4/2025
ORD-202235233,Home Appliances,"$5,700 ","$98,062 ","92,362",7/20/2026
ORD-202289937,None,None,"$18,784 ","$16,161 ",5/4/2026
ORD-202458877,Home Appliances,43008,197122,154114,1/28/2024
ORD-202220071,Electronics,54310,223513,169203,11/9/2023
ORD-202462079,HOME APPLIANCES,12894,59156,46262,1/4/2025
ORD-202254244,electronics,-10379,"$42,047 ","$31,668 ",9/25/2024
ORD-202237754,Furniture,"$33,913 ","$158,944 ","125,031",8/3/2023
ORD-202597611,HOME APPLIANCES,"$13,605 ","$152,284 ","138,679",11/13/2024
ORD-202347768,HOME APPLIANCES,"$29,397 ","$191,849 ","162,452",6/9/2026
ORD-202660765,Furniture,32549,"$199,409 ","$166,860 ",23-10-2024
ORD-202549301,electronics,8450,"$34,597 ","$26,147 ",24-01-2025
ORD-202555585,HOME APPLIANCES,31736,206534,174798,4/28/2023
ORD-202417143,None,44311,"$127,393 ","$83,082 ",17-08-2024
ORD-202218854,HOME APPLIANCES,34713,259692,224979,6/12/2025
ORD-202422784,None,35942,"$282,238 ","$246,296 ",7/10/2024
ORD-202252733,nan,16814,54815,38001,11/30/2025
ORD-202579262,nan,nan,"$58,422 ","41,957",30-09-2022
ORD-202624437,Home Appliances,64600,"$257,688 ","$193,088 ",2/6/2025
ORD-202388969,Furniture,8783,131219,122436,10/6/2026
ORD-202544989,Furniture,"$18,523 ","$237,157 ","218,634",2/8/2022
ORD-202222533,Home Appliances,"$21,298 ","$166,664 ","145,366",10/20/2026
ORD-202356793,HOME APPLIANCES,25164,"$143,878 ","$118,714 ",5/19/2024
ORD-202390135,Home Appliances,60188,"$184,035 ","$123,847 ",8/23/2026
ORD-202551837,furniture,77168,236010,158842,10/26/2026
ORD-202325883,Electronics,55951,"$187,822 ","$131,871 ",10/15/2025
ORD-202559500,electronics,39530,204264,164734,2/3/2025
ORD-202326793,None,"$4,957 ","$44,408 ","39,451",9/22/2023
ORD-202547376,furniture,4968,23083,18115,1/19/2025
ORD-202291908,Home Appliances,"$1,469 ","$15,455 ","13,986",10/27/2024
ORD-202549301,HOME APPLIANCES,65107,"$186,115 ","$121,008 ",1/5/2025
ORD-202339725,HOME APPLIANCES,26814,114973,88159,9/29/2026
ORD-202349348,furniture,None,"$229,612 ","167,306",5/20/2026
ORD-202348914,electronics,-12327,"$105,120 ","$92,793 ",9/5/2026
ORD-202697131,nan,"$7,411 ","$43,891 ","36,480",1/16/2023
ORD-202482711,HOME APPLIANCES,56902,205923,149021,3/30/2026
ORD-202289356,furniture,19159,196650,177491,3/21/2026
ORD-202519064,electronics,17714,116159,98445,5/21/2022
ORD-202560589,HOME APPLIANCES,4163,79023,74860,11/29/2025
ORD-202678959,HOME APPLIANCES,"$3,384 ","$17,585 ","14,201",9/27/2025
ORD-202291908,nan,78116,249143,171027,6/5/2025
ORD-202588093,HOME APPLIANCES,68954,210927,141973,8/13/2025
ORD-202496798,Electronics,72031,"$232,965 ","$160,934 ",1/28/2023
ORD-202363977,None,14269,76494,62225,12/8/2023
ORD-202396477,Furniture,"$35,469 ","$179,510 ","144,041",9/23/2022
ORD-202270374,HOME APPLIANCES,44998,144201,99203,9/8/2025
ORD-202540922,nan,52690,161497,108807,1/27/2024
ORD-202354428,nan,31131,"$97,969 ","$66,838 ",24-08-2025
ORD-202465163,None,19122,"$76,566 ","$57,444 ",3/18/2024
ORD-202318102,furniture,"$78,564 ","$257,482 ","178,918",12/25/2024
ORD-202619761,furniture,6525,89578,83053,26-10-2026
ORD-202568391,nan,40001,221977,181976,6/7/2022
ORD-202255287,Home Appliances,50514,241431,190917,5/31/2022
ORD-202313117,Electronics,64857,"$185,348 ","$120,491 ",16-04-2026
ORD-202689590,Electronics,"$41,665 ","$148,153 ","106,488",1/7/2023
ORD-202243455,Furniture,"$3,141 ","$35,329 ","32,188",11/9/2026
ORD-202424069,HOME APPLIANCES,12698,"$164,744 ","$152,046 ",4/27/2024
ORD-202629939,Electronics,5051,21067,16016,1/14/2022
ORD-202552216,None,None,"$136,610 ","$109,635 ",9/18/2023
ORD-202665499,Furniture,"$12,344 ","$102,009 ","89,665",8/20/2022
ORD-202492006,electronics,36962,149836,112874,11/21/2024
ORD-202385613,Home Appliances,9846,160375,150529,4/25/2023
ORD-202293548,Home Appliances,61627,"$206,222 ","$144,595 ",4/9/2026
ORD-202448957,Home Appliances,47393,"$160,596 ","$113,203 ",4/4/2024
ORD-202690789,HOME APPLIANCES,17442,110211,92769,8/1/2023
ORD-202351726,nan,"$49,832 ","$148,055 ","98,223",11/1/2026
ORD-202344757,Electronics,4071,65349,61278,24-03-2022
ORD-202281740,Electronics,"$7,265 ","$31,826 ","24,561",1/4/2024
ORD-202698607,furniture,"$71,707 ","$236,212 ","164,505",11/29/2026
ORD-202449964,HOME APPLIANCES,12708,110722,98014,5/7/2025
ORD-202510602,Home Appliances,"$23,768 ","$232,896 ","209,128",6/18/2025
ORD-202487681,nan,1441,22214,20773,18-06-2023
ORD-202314666,nan,Null,246565,184791,6/3/2023
ORD-202346092,furniture,"$2,961 ","$17,661 ","14,700",1/8/2022
ORD-202322595,Electronics,"$29,402 ","$145,850 ","116,448",6/7/2025
ORD-202415859,electronics,20585,87635,67050,11/30/2026
ORD-202528417,Home Appliances,79320,283543,204223,7/26/2025
ORD-202447655,HOME APPLIANCES,"$20,191 ","$90,030 ","69,839",12/10/2024
ORD-202542252,None,None,"$298,216 ","206,023",9/14/2024
ORD-202447862,HOME APPLIANCES,"$24,793 ","$254,351 ","229,558",27-09-2024
ORD-202617324,furniture,24753,226286,201533,3/18/2025
ORD-202496673,electronics,nan,17847,12953,19-05-2022
ORD-202261726,electronics,"$24,013 ","$76,072 ","52,059",7/2/2024
ORD-202539624,HOME APPLIANCES,"$45,369 ","$160,103 ","114,734",6/9/2022
ORD-202550553,None,-11631,"$72,471 ","$60,840 ",12/31/2022
ORD-202396882,Home Appliances,17224,"$106,963 ","$89,739 ",7/25/2026
ORD-202498734,nan,34492,"$173,582 ","$139,090 ",10/20/2023
ORD-202235233,Home Appliances,"$19,423 ","$249,717 ","230,294",1/18/2025
ORD-202530245,furniture,3815,"$64,729 ","$60,914 ",12/4/2025
ORD-202449560,None,83385,248087,164702,10/2/2025
ORD-202293570,None,"$6,967 ","$33,437 ","26,470",12/20/2022
ORD-202575413,Furniture,None,"$121,049 ","$106,212 ",6/1/2025
ORD-202620656,Furniture,19434,101450,82016,1/5/2025
ORD-202444607,HOME APPLIANCES,21977,"$212,529 ","$190,552 ",20-12-2026
ORD-202319510,None,27734,"$136,686 ","$108,952 ",1/16/2025
ORD-202327954,furniture,"$44,185 ","$193,940 ","149,755",24-10-2023
ORD-202445650,furniture,-2797,25833,23036,9/27/2025
ORD-202315364,nan,45585,154184,108599,2/11/2022
ORD-202397381,furniture,"$17,250 ","$80,121 ","62,871",4/18/2026
ORD-202393671,Furniture,22719,91622,68903,10/31/2026
ORD-202225580,Electronics,54194,"$168,643 ","$114,449 ",10/24/2026
ORD-202235526,Home Appliances,26159,"$103,597 ","$77,438 ",5/2/2022
ORD-202417059,furniture,33433,"$130,404 ","$96,971 ",2/23/2024
ORD-202435390,HOME APPLIANCES,27283,97502,70219,10/9/2026
ORD-202459169,Home Appliances,"$64,507 ","$260,104 ","195,597",12/14/2026
ORD-202299006,electronics,-73392,"$255,847 ","$182,455 ",1/18/2022
ORD-202468025,electronics,22189,"$131,588 ","$109,399 ",11/18/2025
ORD-202325260,furniture,"$55,857 ","$178,122 ","122,265",14-05-2022
ORD-202469478,furniture,67709,214260,146551,1/16/2024
ORD-202310838,electronics,77309,264676,187367,8/24/2024
ORD-202697795,None,"$11,620 ","$82,235 ","70,615",6/29/2022
ORD-202230190,Furniture,10399,122554,112155,27-06-2023
ORD-202379684,HOME APPLIANCES,46630,264961,218331,18-05-2023
ORD-202431527,Electronics,"$5,785 ","$20,565 ","14,780",10/11/2024
ORD-202615828,furniture,2958,"$22,276 ","$19,318 ",8/30/2026
ORD-202271768,Electronics,-35848,167546,131698,9/13/2023
ORD-202664521,None,-22638,"$161,075 ","$138,437 ",11/3/2024
ORD-202289356,Electronics,"$49,270 ","$215,227 ","165,957",27-11-2023
ORD-202621126,furniture,"$44,419 ","$179,875 ","135,456",5/5/2023
ORD-202695398,Electronics,44432,246950,202518,7/19/2026
ORD-202533672,HOME APPLIANCES,12442,"$84,469 ","$72,027 ",5/5/2023
ORD-202326895,HOME APPLIANCES,11746,"$199,186 ","$187,440 ",14-10-2022
ORD-202439362,None,"$75,812 ","$262,069 ","186,257",6/1/2024
ORD-202336529,None,4065,28466,24401,5/17/2023
ORD-202486578,Electronics,"$56,896 ","$185,179 ","128,283",7/15/2024
ORD-202532609,None,25689,"$147,877 ","$122,188 ",4/8/2022
ORD-202414388,Furniture,27814,116126,88312,2/28/2024
ORD-202431729,Home Appliances,10320,"$96,189 ","$85,869 ",5/5/2024
ORD-202393659,furniture,-46045,"$264,373 ","$218,328 ",13-07-2025
ORD-202460910,electronics,39163,"$185,629 ","$146,466 ",12/12/2025
ORD-202221647,HOME APPLIANCES,46360,139303,92943,23-11-2025
ORD-202414249,nan,85448,"$254,350 ","$168,902 ",8/22/2026
ORD-202338413,electronics,67596,276635,209039,10/8/2023
ORD-202588093,Furniture,29737,86192,56455,5/2/2022
ORD-202496653,None,36248,114644,78396,2/26/2025
ORD-202220645,HOME APPLIANCES,"($5,792)","$87,172 ","81,380",9/11/2024
ORD-202622862,nan,"$13,521 ","$64,262 ","50,741",2/8/2023
ORD-202564384,Furniture,23735,"$127,209 ","$103,474 ",9/20/2022
ORD-202336529,HOME APPLIANCES,38143,145372,107229,3/10/2023
ORD-202636791,Home Appliances,"$32,645 ","$262,026 ","229,381",7/13/2025
ORD-202434423,Electronics,,"$134,160 ","97,493",12/19/2022
ORD-202580335,nan,4288,25980,21692,8/29/2023
ORD-202315364,nan,83477,283344,199867,8/17/2026
ORD-202323764,electronics,"($13,734)","$264,184 ","250,450",9/5/2026
ORD-202577463,furniture,48936,216158,167222,4/10/2024
ORD-202639638,nan,"$51,226 ","$180,780 ","129,554",28-04-2024
ORD-202539239,nan,"$91,476 ","$286,046 ","194,570",3/8/2026
ORD-202444607,HOME APPLIANCES,64474,"$257,217 ","$192,743 ",11/8/2024
ORD-202659868,furniture,"$20,119 ","$197,958 ","177,839",11/23/2024
ORD-202619138,furniture,5699,"$40,898 ","$35,199 ",26-12-2026
ORD-202271228,Home Appliances,"($22,954)","$65,723 ","42,769",10/1/2023
ORD-202418027,furniture,19255,"$215,638 ","$196,383 ",7/10/2023
ORD-202220645,Electronics,"$25,035 ","$211,713 ","186,678",11/23/2024
ORD-202284589,HOME APPLIANCES,5238,"$44,802 ","$39,564 ",28-02-2023
ORD-202670298,Furniture,"$4,927 ","$33,968 ","29,041",8/5/2025
ORD-202325883,None,"$8,564 ","$144,046 ","135,482",8/16/2024
ORD-202619761,electronics,"$36,537 ","$195,478 ","158,941",8/6/2022
ORD-202523448,furniture,"$42,076 ","$123,119 ","81,043",4/23/2022
ORD-202326714,Furniture,,223950,180060,10/5/2022
ORD-202641615,None,13329,150384,137055,9/3/2024
ORD-202624175,Electronics,29353,"$262,472 ","$233,119 ",27-04-2025
ORD-202636171,electronics,64498,290706,226208,10/29/2024
ORD-202237754,nan,24147,191642,167495,8/7/2025
ORD-202548590,Home Appliances,8475,28363,19888,9/28/2025
